clade	gene	site	alt
A-B.Br.001	nuc	0	N
C.Br.001	nuc	515690	C
C.Br.002	nuc	390263	G
B.Br.001	nuc	1323389	G
B.Br.002_(KrugerB)	nuc	1179974	T
B.Br.003	nuc	406142	T
B.Br.004_(FrenchB)	nuc	426177	G
B.Br.005	nuc	113528	C
B.Br.006	nuc	93584	G
B.Br.007_(FrenchB)	nuc	775048	G
B.Br.008_(KrugerB)	nuc	1312396	G
B.Br.009_(KrugerB)	nuc	795941	T
B.Br.010	nuc	2285046	G
B.Br.011_(KrugerB)	nuc	4003628	C
A.Br.001	nuc	182106	C
A.Br.002	nuc	404435	G
A.Br.003	nuc	441647	G
A.Br.004	nuc	3981640	A
A.Br.005	nuc	4422904	T
A.Br.006	nuc	1047789	T
A.Br.007	nuc	1793488	G
A.Br.008_(TEA)	nuc	3947375	C
A.Br.009_018_(WNA)	nuc	1065719	G
A.Br.010	nuc	0	N
A.Br.011	nuc	0	N
A.Br.012	nuc	720943	C
A.Br.013	nuc	5177926	T
A.Br.014_(Aust94)	nuc	863876	A
A.Br.015	nuc	4177451	C
A.Br.019	nuc	3631093	A
A.Br.020	nuc	3774186	C
A.Br.021	nuc	4429	C
A.Br.026	nuc	4864133	T
A.Br.027	nuc	4276424	A
A.Br.028	nuc	791256	A
A.Br.034_(AncientA)	nuc	405303	T
A.Br.035	nuc	0	N
A.Br.036	nuc	0	N
A.Br.035_036	nuc	3543186	T
A.Br.037	nuc	3591116	G
A.Br.038	nuc	4799250	A
A.Br.039	nuc	778444	G
A.Br.040	nuc	1174146	G
A.Br.041/042	nuc	3604359	G
A.Br.042	nuc	0	N
A.Br.043	nuc	0	N
A.Br.044_(DK_CMR)	nuc	1275103	C
A.Br.045	nuc	4674698	G
A.Br.046	nuc	0	N
A.Br.047_(Vollum)	nuc	3506063	C
A.Br.048	nuc	1383458	C
A.Br.049	nuc	57566	T
A.Br.050	nuc	3637093	T
A.Br.051	nuc	1105053	A
A.Br.052	nuc	4395627	A
A.Br.053	nuc	157707	A
A.Br.054	nuc	4025982	A
A.Br.055	nuc	41872	G
A.Br.056	nuc	0	N
A.Br.057	nuc	395023	G
A.Br.058	nuc	1292514	T
A.Br.059	nuc	700029	A
A.Br.060	nuc	3823766	T
A.Br.062	nuc	0	N
A.Br.064_(V770)	nuc	489787	G
A.Br.064.AUT	nuc	4347374	G
A.Br.065	nuc	3514807	A
A.Br.066	nuc	2103868	T
A.Br.067	nuc	4175602	T
A.Br.068	nuc	1185112	C
A.Br.069	nuc	0	N
A.Br.070	nuc	3616227	C
A.Br.072	nuc	4027974	A
A.Br.073	nuc	1357274	C
A.Br.074	nuc	496720	A
A.Br.075_(Sterne)	nuc	665308	C
A.Br.076	nuc	616160	G
A.Br.077	nuc	513052	T
A.Br.078	nuc	3668372	G
A.Br.079	nuc	0	N
A.Br.080	nuc	3788978	G
A.Br.081_(Ames)	nuc	515111	G
A.Br.082	nuc	0	N
A.Br.085	nuc	5121950	A
A.Br.086	nuc	4414720	G
A.Br.087	nuc	0	N
A.Br.088	nuc	3601031	A
A.Br.089	nuc	5175920	G
A.Br.090	nuc	0	N
A.Br.092	nuc	1275051	T
A.Br.093	nuc	3578780	C
A.Br.094	nuc	659537	A
A.Br.095	nuc	0	N
A.Br.097	nuc	1698606	T
A.Br.098	nuc	774573	A
A.Br.099	nuc	2016757	T
A.Br.100	nuc	600566	A
A.Br.101	nuc	1516506	C
A.Br.102	nuc	1093202	G
A.Br.103	nuc	921582	T
A.Br.104	nuc	598570	C
A.Br.105_(Tsiankovskii)	nuc	3462463	G
A.Br.106	nuc	1338285	T
A.Br.107	nuc	4038313	A
A.Br.108	nuc	0	N
A.Br.109	nuc	4738348	G
A.Br.11.ESPa_(L7)	nuc	1114338	C
A.Br.11.ESPb	nuc	522686	T
A.Br.11.ESPc	nuc	4349169	G
A.Br.110	nuc	1685824	G
A.Br.111	nuc	0	N
A.Br.112	nuc	0	N
A.Br.113	nuc	1508167	G
A.Br.114	nuc	1562404	A
A.Br.116	nuc	0	N
A.Br.117_(RUS)	nuc	0	N
A.Br.118_(STI)	nuc	5182989	A
A.Br.119	nuc	670915	T
A.Br.120	nuc	954123	C
A.Br.121	nuc	0	N
A.Br.122	nuc	0	N
A.Br.123	nuc	0	N
A.Br.124	nuc	889501	T
A.Br.125	nuc	0	N
A.Br.126	nuc	0	N
A.Br.127_(Pasteur)	nuc	72398	T
A.Br.128	nuc	1533107	T
A.Br.129	nuc	4223342	G
A.Br.130	nuc	3564952	A
A.Br.131	nuc	4560500	G
A.Br.132	nuc	0	N
A.Br.133_(Carbosap_L3)	nuc	3974342	A
A.Br.134	nuc	3958758	T
A.Br.135	nuc	38051	A
A.Br.136	nuc	56918	T
A.Br.137_(L4)	nuc	3566622	C
A.Br.138	nuc	1363719	G
A.Br.139	nuc	3611922	A
A.Br.140_(L1)	nuc	3952578	A
A.Br.141	nuc	2745040	T
A.Br.142	nuc	3591976	G
A.Br.143	nuc	4266791	T
A.Br.144_(Pollino)	nuc	810747	T
A.Br.145	nuc	1305698	T
A.Br.146	nuc	5165091	A
A.Br.147	nuc	4544130	A
A.Br.148	nuc	1359560	T
A.Br.149	nuc	843229	G
A.Br.150	nuc	998634	A
A.Br,151	nuc	0	N
A.Br.152	nuc	0	N
A.Br.153_(London)	nuc	609043	T
A.Br.154	nuc	4847228	A
A.Br.155	nuc	3594907	A
A.Br.156	nuc	3528603	A
A.Br.157	nuc	406424	G
A.Br.158_(L2)	nuc	0	N
A.Br.159	nuc	883453	T
A.Br.160	nuc	0	N
A.Br.161_(Heroin)	nuc	5013862	A
A.Br.162	nuc	108749	A
A.Br.163	nuc	1118831	T
A.Br.164	nuc	1530761	T
A.Br.165	nuc	333579	T
A.Br.166	nuc	1053700	C
A.Br.167	nuc	0	N
A.Br.168	nuc	0	N
A.Br.169	nuc	4328164	C
A.Br.170	nuc	4775689	A
A.Br.171	nuc	1058660	T
A.Br.UA2_(L6)	nuc	951542	T
A.Br.UA3_(L5)	nuc	4829497	A
A.Br.UA4	nuc	500787	A
